{
  "info": {
    "name": "Deals App Microservices",
    "description": "Complete API collection for testing the microservices with centralized security",
    "schema": "https://schema.getpostman.com/json/collection/v2.1.0/collection.json"
  },
  "item": [
    {
      "name": "Authentication",
      "item": [
        {
          "name": "Register User",
          "request": {
            "method": "POST",
            "header": [
              {
                "key": "Content-Type",
                "value": "application/json"
              }
            ],
            "body": {
              "mode": "raw",
              "raw": "{\n  \"name\": \"John Doe\",\n  \"email\": \"john.doe@example.com\",\n  \"password\": \"password123\"\n}"
            },
            "url": {
              "raw": "{{base_url}}/api/users/register",
              "host": ["{{base_url}}"],
              "path": ["api", "users", "register"]
            }
          }
        },
        {
          "name": "Login User",
          "event": [
            {
              "listen": "test",
              "script": {
                "type": "text/javascript",
                "exec": [
                  "if (responseCode.code === 200) {",
                  "    var jsonData = pm.response.json();",
                  "    pm.environment.set(\"jwt_token\", jsonData.token);",
                  "    pm.environment.set(\"user_id\", jsonData.userId);",
                  "}"
                ]
              }
            }
          ],
          "request": {
            "method": "POST",
            "header": [
              {
                "key": "Content-Type",
                "value": "application/json"
              }
            ],
            "body": {
              "mode": "raw",
              "raw": "{\n  \"email\": \"john.doe@example.com\",\n  \"password\": \"password123\"\n}"
            },
            "url": {
              "raw": "{{base_url}}/api/users/login",
              "host": ["{{base_url}}"],
              "path": ["api", "users", "login"]
            }
          }
        }
      ]
    },
    {
      "name": "User Service",
      "item": [
        {
          "name": "Get User by ID",
          "request": {
            "method": "GET",
            "header": [
              {
                "key": "Authorization",
                "value": "Bearer {{jwt_token}}"
              }
            ],
            "url": {
              "raw": "{{base_url}}/api/users/{{user_id}}",
              "host": ["{{base_url}}"],
              "path": ["api", "users", "{{user_id}}"]
            }
          }
        },
        {
          "name": "Validate User",
          "request": {
            "method": "GET",
            "header": [
              {
                "key": "Authorization",
                "value": "Bearer {{jwt_token}}"
              }
            ],
            "url": {
              "raw": "{{base_url}}/api/users/validate/{{user_id}}",
              "host": ["{{base_url}}"],
              "path": ["api", "users", "validate", "{{user_id}}"]
            }
          }
        }
      ]
    },
    {
      "name": "Deal Service",
      "item": [
        {
          "name": "Get All Deals",
          "request": {
            "method": "GET",
            "header": [
              {
                "key": "Authorization",
                "value": "Bearer {{jwt_token}}"
              }
            ],
            "url": {
              "raw": "{{base_url}}/api/deals",
              "host": ["{{base_url}}"],
              "path": ["api", "deals"]
            }
          }
        },
        {
          "name": "Get Deal by ID",
          "request": {
            "method": "GET",
            "header": [
              {
                "key": "Authorization",
                "value": "Bearer {{jwt_token}}"
              }
            ],
            "url": {
              "raw": "{{base_url}}/api/deals/1",
              "host": ["{{base_url}}"],
              "path": ["api", "deals", "1"]
            }
          }
        },
        {
          "name": "Get Deals by Category",
          "request": {
            "method": "GET",
            "header": [
              {
                "key": "Authorization",
                "value": "Bearer {{jwt_token}}"
              }
            ],
            "url": {
              "raw": "{{base_url}}/api/deals/category/electronics",
              "host": ["{{base_url}}"],
              "path": ["api", "deals", "category", "electronics"]
            }
          }
        },
        {
          "name": "Calculate Price with Coupon",
          "request": {
            "method": "POST",
            "header": [
              {
                "key": "Authorization",
                "value": "Bearer {{jwt_token}}"
              },
              {
                "key": "Content-Type",
                "value": "application/json"
              }
            ],
            "body": {
              "mode": "raw",
              "raw": "{\n  \"userId\": {{user_id}},\n  \"dealId\": 1,\n  \"couponId\": 1\n}"
            },
            "url": {
              "raw": "{{base_url}}/api/deals/calculate-price",
              "host": ["{{base_url}}"],
              "path": ["api", "deals", "calculate-price"]
            }
          }
        }
      ]
    },
    {
      "name": "Coupon Service",
      "item": [
        {
          "name": "Get All Coupons",
          "request": {
            "method": "GET",
            "header": [
              {
                "key": "Authorization",
                "value": "Bearer {{jwt_token}}"
              }
            ],
            "url": {
              "raw": "{{base_url}}/api/coupons",
              "host": ["{{base_url}}"],
              "path": ["api", "coupons"]
            }
          }
        },
        {
          "name": "Get Available Coupons for User",
          "request": {
            "method": "GET",
            "header": [
              {
                "key": "Authorization",
                "value": "Bearer {{jwt_token}}"
              }
            ],
            "url": {
              "raw": "{{base_url}}/api/coupons/user/{{user_id}}",
              "host": ["{{base_url}}"],
              "path": ["api", "coupons", "user", "{{user_id}}"]
            }
          }
        },
        {
          "name": "Get Coupon by ID",
          "request": {
            "method": "GET",
            "header": [
              {
                "key": "Authorization",
                "value": "Bearer {{jwt_token}}"
              }
            ],
            "url": {
              "raw": "{{base_url}}/api/coupons/1",
              "host": ["{{base_url}}"],
              "path": ["api", "coupons", "1"]
            }
          }
        },
        {
          "name": "Validate Coupon",
          "request": {
            "method": "POST",
            "header": [
              {
                "key": "Authorization",
                "value": "Bearer {{jwt_token}}"
              },
              {
                "key": "Content-Type",
                "value": "application/json"
              }
            ],
            "body": {
              "mode": "raw",
              "raw": "{\n  \"userId\": {{user_id}},\n  \"couponId\": 1\n}"
            },
            "url": {
              "raw": "{{base_url}}/api/coupons/validate",
              "host": ["{{base_url}}"],
              "path": ["api", "coupons", "validate"]
            }
          }
        },
        {
          "name": "Use Coupon",
          "request": {
            "method": "POST",
            "header": [
              {
                "key": "Authorization",
                "value": "Bearer {{jwt_token}}"
              },
              {
                "key": "Content-Type",
                "value": "application/json"
              }
            ],
            "body": {
              "mode": "raw",
              "raw": "{\n  \"userId\": {{user_id}},\n  \"couponId\": 1\n}"
            },
            "url": {
              "raw": "{{base_url}}/api/coupons/use",
              "host": ["{{base_url}}"],
              "path": ["api", "coupons", "use"]
            }
          }
        }
      ]
    }
  ],
  "variable": [
    {
      "key": "base_url",
      "value": "http://localhost:8080"
    }
  ]
}
